tandems,label
AAAAT,0
AAAT,0
AAATAT,0
AAATATAT,0
AAATATATAAATATATAT,0
AAATATATAT,0
AAATATATATAT,0
AACAT,0
AATAC,0
AATAT,0
AATATAT,0
AATATATAT,0
AATATATATG,0
ACACAT,0
ACACATATAT,0
ACACATATATACATATAT,0
ACACATATATAT,0
ACAT,0
ACATAT,0
ACATATAT,0
ACATATATACATATATAT,0
ACATATATAT,0
AGATATATAT,0
ATATATATC,0
AAATG,1
AAATGATG,1
AATCGAATGG,1
AATG,1
AATGG,1
ACATCC,1
ACCATC,1
ACTC,1
ACTCC,1
AGAGGG,1
AGATGG,1
AGGG,1
ATCC,1
AAAAG,2
AAAG,2
AAAGG,2
AAGAG,2
AAGG,2
AAGGAG,2
AAGGG,2
ACAG,2
ACAGAG,2
ACGGGAGAGGGAGAGGGAG,2
AGAGG,2
AGGC,2
AAAAC,3
AAACT,3
AACC,3
AACCCT,3
AAGCCAGCC,3
AGCC,3
AATAG,4
ACACT,4
ACTAT,4
AGAGAT,4
AGAT,4
AGATAT,4
AGCAT,4
AGGAT,4
