,tandems,label
0,AAAAT,0
1,AAAT,0
2,AAATAT,0
3,AAATATAT,0
4,AAATATATAAATATATAT,0
5,AAATATATAT,0
6,AAATATATATAT,0
7,AAATT,0
8,AACAT,0
9,AAGAGGTGATAGTATT,0
10,AATAC,0
11,AATAT,0
12,AATATAT,0
13,AATATATAT,0
14,AATATATATAT,0
15,AATATATATG,0
16,AATATATGCGTATATATGT,0
17,ACACAT,0
18,ACACATATAT,0
19,ACACATATATACATATAT,0
20,ACACATATATAT,0
21,ACAT,0
22,ACATAT,0
23,ACATATAT,0
24,ACATATATACATATATAT,0
25,ACATATATAT,0
26,ACTATATAT,0
27,AGATATATAT,0
28,ATATATATC,0
29,AAATG,1
30,AAATGATG,1
31,AACTG,1
32,AAGGTATGGGTGTGG,1
33,AATCGAATGG,1
34,AATG,1
35,AATGAGTGAGCGGGGAGAGG,1
36,AATGAGTGAGTGAGGAGAGG,1
37,AATGG,1
38,AATGGAATGGAGTGG,1
39,ACAGGGTGG,1
40,ACATCC,1
41,ACCACCTCCCTC,1
42,ACCATC,1
43,ACCCC,1
44,ACCCCCTCT,1
45,ACCCTATCC,1
46,ACCCTC,1
47,ACTC,1
48,ACTCC,1
49,AGAGGG,1
50,AGATGG,1
51,AGGCCGGGGCCGCGG,1
52,AGGG,1
53,AGGGG,1
54,ATCC,1
55,AAAAG,2
56,AAAG,2
57,AAAGC,2
58,AAAGCAAAGGC,2
59,AAAGCAAG,2
60,AAAGG,2
61,AAAGGAG,2
62,AAAGGGAG,2
63,AACAG,2
64,AAGAG,2
65,AAGG,2
66,AAGGAG,2
67,AAGGC,2
68,AAGGG,2
69,AAGGT,2
70,ACAG,2
71,ACAGAG,2
72,ACAGG,2
73,ACAGGGTGCTGATGAGG,2
74,ACGGGAGAGGGAGAGGGAG,2
75,AGAGG,2
76,AGCAGG,2
77,AGCAGGAGGGGCAGG,2
78,AGGAGGCCCCGCGGC,2
79,AGGAGGGGC,2
80,AGGC,2
81,AAAAC,3
82,AAAACCCT,3
83,AAACC,3
84,AAACT,3
85,AACC,3
86,AACCCCTAACCCTAACCCT,3
87,AACCCT,3
88,AACCCTAACCCTCACCCCT,3
89,AACCCTAT,3
90,AAGCC,3
91,AAGCCAGCC,3
92,ACCACCCCC,3
93,ACCCTG,3
94,ACCGCGTCCTCATCAGC,3
95,ACCGCGTCCTCATCGGC,3
96,AGCC,3
97,AGCCCT,3
98,AGGGCC,3
99,AATAG,4
100,AATAGAATAGAATTAG,4
101,AATCCCAATTGATGTAG,4
102,ACACT,4
103,ACGAT,4
104,ACTAG,4
105,ACTAT,4
106,AGAGAT,4
107,AGAT,4
108,AGATAT,4
109,AGCAT,4
110,AGGAT,4
111,AAGAAGAAGGAAGAAGCACG,5
